,id,price 01-04-2018,market_cap_2018(millions),reddit_subscribers 01-04-2018,twitter_followers 01-04-2018,alexa_rank 01-04-2018
0,bitcoin,6975.27531402076,118234.05544654319,785619.0,819312.0,5574.0
1,ethereum,395.79638095782116,39000.86821427854,348116.0,382159.0,8204.0
2,binancecoin,11.115510878254739,1100.5911940995147,40605.0,176.0,230.0
3,ripple,0.51199,20016.00361376977,184063.0,843082.0,5224.0
4,tether,1.00069,2288.71894116166,,23302.0,34929.0
5,cardano,0.15553196120838061,4032.488129163164,60486.0,124345.0,13650.0
6,dogecoin,0.002798551135706926,318.5391520664117,115819.0,208970.0,31077.0
7,polkadot,,,,,
8,uniswap,,,,,
9,litecoin,116.19558050155825,6492.927120542822,197030.0,410110.0,59300.0
10,bitcoin-cash,688.6184483065383,11739.842754109188,32398.0,98264.0,87510.0
11,chainlink,0.2813859966712322,98.48509883493126,,11748.0,
12,vechain,,,,,
13,usd-coin,,,,,
14,solana,,,,,
15,stellar,0.207794066119451,3854.7033829965258,76111.0,224029.0,12412.0
16,theta-token,0.11691911856248155,68.75823158637462,2057.0,36242.0,119095.0
17,filecoin,,,,,
18,tron,0.0341375904343795,2244.4848665123022,62267.0,278918.0,754627.0
19,wrapped-bitcoin,,,,,
20,binance-usd,,,,,
21,terra-luna,,,,,
22,monero,180.1851999126979,2862.2519909844013,124683.0,283411.0,25712.0
23,neo,50.351916535520154,3272.87457480881,88358.0,299298.0,23186.0
24,klay-token,,,,,
25,iota,1.0802271128105392,3002.5239725745505,108796.0,108410.0,25994.0
26,eos,5.883527692415818,4490.618496781113,42951.0,128624.0,22055.0
27,aave,,,,,
28,pancakeswap-token,,,,,
29,cosmos,,,,,
30,bitcoin-cash-sv,,,,,
31,bittorrent-2,,,,,
32,crypto-com-chain,,,,,
33,ftx-token,,,,,
34,okb,,,,,
35,compound-usd-coin,,,,,
36,ethereum-classic,14.452265923133954,1457.9340506238955,18346.0,198009.0,199911.0
37,compound-ether,,,,,
38,tezos,,,,,
39,maker,522.1132535933724,322.7850325425234,3396.0,7505.0,88102.0
40,algorand,,,,,
41,kusama,,,,,
42,dai,,,,,
43,avalanche-2,,,,,
44,thorchain,,,,,
45,cdai,,,,,
46,huobi-token,1.7520574233013142,0.0,312.0,39647.0,2719.0
47,compound-governance-token,,,,,
48,elrond-erd-2,,,,,
49,matic-network,,,,,
50,nem,0.22183892798032084,1996.5503516010488,16950.0,195953.0,34800.0
51,holotoken,,,,,
52,dash,307.3969651569275,2452.5682234893716,20672.0,291818.0,35871.0
53,decred,40.10624162351722,282.4108677226685,7629.0,37459.0,86500.0
54,chiliz,,,,,
55,zcash,185.609,668.613546821,12652.0,64881.0,24970.0
56,havven,0.3528047467623568,35.280474676235684,1092.0,10953.0,56013.0
57,hedera-hashgraph,,,,,
58,zilliqa,0.04623621838956354,306.0168187462729,4914.0,26866.0,77073.0
59,celsius-degree-token,,,,,
60,enjincoin,0.10130365954365717,76.60507111509506,8401.0,31457.0,10026.0
61,blockstack,,,,,
62,leo-token,,,,,
63,amp-token,,,,,
64,nexo,,,,,
65,sushi,,,,,
66,waves,3.62192,362.192,8917.0,113237.0,32597.0
67,terrausd,,,,,
68,siacoin,0.010778771074399236,360.9531110557018,31081.0,99760.0,27656.0
69,digibyte,0.017712102697539967,178.03646933398156,17137.0,145127.0,141012.0
70,the-graph,,,,,
71,fei-protocol,,,,,
72,near,,,,,
73,basic-attention-token,0.1956921827330643,195.6921827330643,15866.0,73949.0,66020.0
74,pirate-chain,,,,,
75,yearn-finance,,,,,
76,decentraland,0.0711495949839514,74.71714304118555,4813.0,32412.0,101544.0
77,bitcoin-gold,44.203683878172356,747.7041635035047,,68079.0,1476215.0
78,uma,,,,,
79,huobi-btc,,,,,
80,qtum,14.2365,1259.7848099159999,13661.0,152959.0,50649.0
81,liquity-usd,,,,,
82,ravencoin,0.04282819042808746,899.3919989898368,1329.0,6442.0,221335.0
83,0x,0.549493657647498,286.49606759346733,11020.0,108035.0,56448.0
84,arweave,,,,,
85,zencash,16.048852095073983,56.742530102420815,3543.0,19214.0,713088.0
86,ontology,2.0664493301069164,498.50290256632,5990.0,35455.0,82584.0
87,helium,,,,,
88,icon,2.2144700141278704,857.0940281588463,20264.0,89750.0,45253.0
89,wazirx,,,,,
90,harmony,,,,,
91,flow,,,,,
92,bancor,2.272061383879188,96.9254842826076,4280.0,689.0,59119.0
93,fantom,,,,,
94,xdce-crowd-sale,,,,,
95,reserve-rights-token,,,,,
96,ecomi,,,,,
97,iostoken,0.02426865056289965,203.8566647283571,,208511.0,46618.0
98,dent,0.0094158682653713,99.94719087718207,6860.0,33833.0,91524.0
99,paxos-standard,,,,,
100,nano,5.633176053753357,750.6110707984068,37968.0,89196.0,59147.0
101,swissborg,0.029381623211924546,16.918559567269494,802.0,11125.0,45304.0
102,wink,,,,,
103,ankr,,,,,
104,kucoin-shares,2.27452,207.07929722352,10793.0,223785.0,1267.0
105,omisego,8.2235,839.1469263719999,35231.0,257931.0,
106,ethos,2.023186573565477,153.9307757745246,4415.0,53190.0,73959.0
107,pundi-x-2,,,,,
108,husd,,,,,
109,curve-dao-token,,,,,
110,pundi-x,0.0008666839290684855,0.0,482.0,18269.0,81892.0
111,verge,0.03915174671555597,578.6235104121679,50051.0,271475.0,24945.0
112,conflux-token,,,,,
113,xsushi,,,,,
114,1inch,,,,,
115,republic-protocol,0.036456250566433916,16.624133196263905,208.0,2534.0,235145.0
116,livepeer,,,,,
117,vethor-token,,,,,
118,nxm,,,,,
119,venus,,,,,
120,lisk,7.581964301229779,783.7674387449485,29044.0,185025.0,50914.0
121,bitcoin-cash-abc-2,,,,,
122,bmax,,,,,
123,status,0.08923317480368628,309.6822865079633,5502.0,93588.0,74435.0
124,staked-ether,,,,,
125,oxygen,,,,,
126,loopring,0.3874198976801262,221.63286720451612,2409.0,24657.0,97095.0
127,renbtc,,,,,
128,nervos-network,,,,,
129,mirror-protocol,,,,,
130,balancer,,,,,
131,bounce-token,,,,,
132,gatechain-token,,,,,
133,celo,,,,,
134,ocean-protocol,,,,,
135,compound-usdt,,,,,
136,btc-standard-hashrate-token,,,,,
137,zkswap,,,,,
138,quant-network,,,,,
139,tribe-2,,,,,
140,raydium,,,,,
141,serum,,,,,
142,energy-web-token,,,,,
143,band-protocol,,,,,
144,storm,0.0346568391687692,141.7067220880425,2060.0,21729.0,101977.0
145,axie-infinity,,,,,
146,reef-finance,,,,,
147,kyber-network,1.004709347088927,134.7643744261469,791.0,73652.0,82785.0
148,nkn,,,,,
149,golem,0.200961,167.654125782,18811.0,127870.0,90324.0
150,compound-uniswap,,,,,
151,tokamak-network,,,,,
152,wootrade-network,,,,,
153,maidsafecoin,0.229076,103.668896331312,4618.0,56561.0,175671.0
154,bitcoin-diamond,12.307637871525895,1881.296294489962,,34075.0,133229.0
155,ampleforth,,,,,
156,origin-protocol,,,,,
157,electroneum,0.020679143030862344,136.12088422586953,18022.0,116388.0,8658.0
158,medibloc,0.015764741628004637,46.76427890592107,1097.0,7769.0,138597.0
159,dodo,,,,,
160,numeraire,11.232286842275288,15.211661424756578,1181.0,14318.0,209579.0
161,hbtc-token,,,,,
162,fetch-ai,,,,,
163,singularitynet,0.1265670619393108,66.03130694704032,23.0,15430.0,102825.0
164,ardor,0.22262858686079148,222.40584584649434,6470.0,69819.0,122366.0
165,skale,,,,,
166,alien-worlds,,,,,
167,redfox-labs-2,,,,,
168,mdex,,,,,
169,the-sandbox,,,,,
170,audius,,,,,
171,alpha-finance,,,,,
172,telcoin,0.0017548602267643738,49.64213555268679,3483.0,22753.0,89933.0
173,civic,0.20573322802973784,70.50477025086141,7742.0,83946.0,119071.0
174,wax,0.1417438106161317,69.87325453489089,695.0,14670.0,100481.0
175,komodo,2.36602,246.1539539828,6048.0,83042.0,101941.0
176,funfair,0.0310555,143.0128970042395,17843.0,34982.0,63470.0
177,steem,1.5276825038893282,391.8151062643799,,92913.0,1022.0
178,polymath-network,0.342168,82.120234458,3161.0,20314.0,29941.0
179,orion-protocol,,,,,
180,true-usd,1.007963379717449,9.54956097523178,,4120.0,283310.0
181,swipe,,,,,
182,bakerytoken,,,,,
183,ark,2.00928,204.14695496832002,21422.0,61545.0,65646.0
184,celer-network,,,,,
185,rocket-pool,,,,,
186,haven,,,,,
187,neutrino,,,,,
188,orbs,,,,,
189,akash-network,,,,,
190,noia-network,,,,,
191,bytom,0.5334957757492846,526.560330664544,1626.0,9652.0,249090.0
192,unfederalreserve,,,,,
193,seth,,,,,
194,aragon,2.2662953135925514,59.730964272242396,2186.0,61743.0,138926.0
195,gnosis,58.264728133357615,64.35863604882549,2059.0,64086.0,189681.0
196,kava,,,,,
197,metadium,,,,,
198,bitshares,0.11982320430348893,313.03093185060663,6859.0,13771.0,40520.0
199,anchor-protocol,,,,,
200,klever,,,,,
201,velas,,,,,
202,trustswap,,,,,
203,wanchain,3.2805435944602563,0.0,15470.0,93665.0,56825.0
204,storj,0.6646052445302031,88.6752824018279,6981.0,80219.0,59431.0
205,iotex,,,,,
206,gamercoin,,,,,
207,uquid-coin,1.5928023081370164,15.928023081370165,7.0,160.0,974666.0
208,alchemix,,,,,
209,ultra,,,,,
210,ampleforth-governance-token,,,,,
211,concierge-io,,,,,
212,unibright,,,,,
213,ethlend,0.04461796541849721,48.461039458204645,5982.0,43911.0,66856.0
214,injective-protocol,,,,,
215,safepal,,,,,
216,coti,,,,,
217,newscrypto-coin,,,,,
218,titanswap,,,,,
219,titanswap,,,,,
220,hathor,,,,,
221,badger-dao,,,,,
222,metal,3.54498,79.20358803072,,32015.0,153352.0
223,math,,,,,
224,reddcoin,0.003909195455812546,112.61493630830888,38280.0,95656.0,58472.0
225,pancake-bunny,,,,,
226,hive,,,,,
227,verasity,,,,,
228,shabu-shabu,,,,,
229,handshake,,,,,
230,thorchain-erc20,,,,,
231,augur,26.0467,286.5137,7831.0,107655.0,109531.0
232,kardiachain,,,,,
233,paid-network,,,,,
234,everipedia,,,,,
235,oasis-network,,,,,
236,trust-wallet-token,,,,,
237,utrust,0.13705494981291336,39.26566790177531,2864.0,27532.0,92471.0
238,district0x,0.06693856388409229,40.163138330455375,6770.0,55401.0,129196.0
239,zipmex-token,,,,,
240,iexec-rlc,0.846654552767049,67.79230143711797,2845.0,20173.0,160854.0
241,rif-token,,,,,
242,cartesi,,,,,
243,secret,,,,,
244,linear,,,,,
245,superfarm,,,,,
246,keep-network,,,,,
247,compound-0x,,,,,
248,olympus,,,,,
249,monacoin,3.1258923554728333,182.728492035771,2786.0,3411.0,296588.0
250,gas,15.756819206769961,157.52618438769437,88366.0,299331.0,23186.0
251,nusd,,,,,
252,syscoin,0.27549657748298473,146.55875248936462,4277.0,68162.0,158154.0
253,quark-chain,,,,,
254,polkastarter,,,,,
255,stratis,3.739223867310286,369.43108902806233,10534.0,136054.0,97864.0
256,origintrail,0.111769,28.446060615014,4106.0,9771.0,108390.0
257,crust-network,,,,,
258,perpetual-protocol,,,,,
259,tokocrypto,,,,,
260,aelf,0.5282402640367303,132.06006600918258,,74564.0,40292.0
261,vai,,,,,
262,wrapped-nxm,,,,,
263,rook,,,,,
264,sora,,,,,
265,tomochain,0.3858970661385461,38.58970661385461,270.0,,155034.0
266,carry,,,,,
267,verus-coin,,,,,
268,just,,,,,
269,power-ledger,0.2812199119197701,102.34519130004236,,81283.0,91483.0
270,atari,,,,,
271,my-neighbor-alice,,,,,
272,ellipsis,,,,,
273,gala,,,,,
274,aion,2.0240676963814,233.4152256419702,3955.0,40376.0,101580.0
275,ethernity-chain,,,,,
276,aeternity,1.5959529725706547,371.88971495821704,2341.0,301.0,183578.0
277,edgeware,,,,,
278,api3,,,,,
279,mainframe,,,,,
280,populous,12.2198,452.1818091346,,20861.0,113628.0
281,parsiq,,,,,
282,gny,,,,,
283,e-radix,,,,,
284,constellation-labs,,,,,
285,bytecoin,0.0021337381518088125,392.20968668272275,10975.0,32111.0,36137.0
286,lukso-token,,,,,
287,nucypher,,,,,
288,dia-data,,,,,
289,litentry,,,,,
290,lambda,,,,,
291,adex,0.6266977066263509,46.01885191266529,3999.0,53637.0,219658.0
292,pha,,,,,
293,render-token,,,,,
294,sharering,,,,,
295,compound-basic-attention-token,,,,,
296,derivadao,,,,,
297,defipulse-index,,,,,
298,mask-network,,,,,
299,stakehound-staked-ether,,,,,
300,iris-network,,,,,
301,paccoin,0.004993619071146781,0.0,6033.0,34087.0,
302,rari-governance-token,,,,,
303,tether-gold,,,,,
304,tellor,,,,,
305,hxro,,,,,
306,dao-maker,,,,,
307,elastos,27.930839353696186,0.0,3943.0,17598.0,74025.0
308,crypto20,1.03346,40.8861630713,,9482.0,63265.0
309,lto-network,,,,,
310,ramp,,,,,
311,coinmetro,,,,,
312,melon,50.4336,30.229899839999998,1356.0,14572.0,467669.0
313,chromaway,,,,,
314,maps,,,,,
315,akropolis,,,,,
316,thunder-token,,,,,
317,bscpad,,,,,
318,energi,,,,,
319,auction,,,,,
320,divi,,,,,
321,zcoin,29.1035,128.97102521349998,3546.0,47889.0,115579.0
322,zenon,,,,,
323,kadena,,,,,
324,marlin,,,,,
325,nominex,,,,,
326,mx-token,,,,,
327,sparkpoint,,,,,
328,wozx,,,,,
