,id,price 01-04-2018,reddit_subscribers 01-04-2018,twitter_followers 01-04-2018,alexa_rank 01-04-2018
0,bitcoin,6975.27531402076,785619.0,819312.0,5574.0
1,ethereum,395.79638095782116,348116.0,382159.0,8204.0
2,binancecoin,11.115510878254739,40605.0,176.0,230.0
3,ripple,0.51199,184063.0,843082.0,5224.0
4,tether,1.00069,,23302.0,34929.0
5,cardano,0.15553196120838061,60486.0,124345.0,13650.0
6,dogecoin,0.002798551135706926,115819.0,208970.0,31077.0
7,polkadot,,,,
8,uniswap,,,,
9,litecoin,116.19558050155825,197030.0,410110.0,59300.0
10,bitcoin-cash,688.6184483065383,32398.0,98264.0,87510.0
11,chainlink,0.2813859966712322,,11748.0,
12,usd-coin,,,,
13,solana,,,,
14,vechain,,,,
15,theta-token,0.11691911856248155,2057.0,36242.0,119095.0
16,stellar,0.207794066119451,76111.0,224029.0,12412.0
17,filecoin,,,,
18,wrapped-bitcoin,,,,
19,tron,0.0341375904343795,62267.0,278918.0,754627.0
20,binance-usd,,,,
21,monero,180.1851999126979,124683.0,283411.0,25712.0
22,terra-luna,,,,
23,neo,50.351916535520154,88358.0,299298.0,23186.0
24,klay-token,,,,
25,iota,1.0802271128105392,108796.0,108410.0,25994.0
26,pancakeswap-token,,,,
27,eos,5.883527692415818,42951.0,128624.0,22055.0
28,aave,,,,
29,cosmos,,,,
30,bitcoin-cash-sv,,,,
31,crypto-com-chain,,,,
32,bittorrent-2,,,,
33,okb,,,,
34,compound-usd-coin,,,,
35,ftx-token,,,,
36,compound-ether,,,,
37,ethereum-classic,14.452265923133954,18346.0,198009.0,199911.0
38,tezos,,,,
39,maker,522.1132535933724,3396.0,7505.0,88102.0
40,algorand,,,,
41,dai,,,,
42,cdai,,,,
43,kusama,,,,
44,avalanche-2,,,,
45,huobi-token,1.7520574233013142,312.0,39647.0,2719.0
46,compound-governance-token,,,,
47,thorchain,,,,
48,elrond-erd-2,,,,
49,nem,0.22183892798032084,16950.0,195953.0,34800.0
50,dash,307.3969651569275,20672.0,291818.0,35871.0
51,decred,40.10624162351722,7629.0,37459.0,86500.0
52,matic-network,,,,
53,chiliz,,,,
54,zcash,185.609,12652.0,64881.0,24970.0
55,havven,0.3528047467623568,1092.0,10953.0,56013.0
56,celsius-degree-token,,,,
57,holotoken,,,,
58,hedera-hashgraph,,,,
59,enjincoin,0.10130365954365717,8401.0,31457.0,10026.0
60,leo-token,,,,
61,blockstack,,,,
62,amp-token,,,,
63,nexo,,,,
64,zilliqa,0.04623621838956354,4914.0,26866.0,77073.0
65,terrausd,,,,
66,sushi,,,,
67,near,,,,
68,fei-protocol,,,,
69,the-graph,,,,
70,pirate-chain,,,,
71,digibyte,0.017712102697539967,17137.0,145127.0,141012.0
72,waves,3.62192,8917.0,113237.0,32597.0
73,basic-attention-token,0.1956921827330643,15866.0,73949.0,66020.0
74,siacoin,0.010778771074399236,31081.0,99760.0,27656.0
75,decentraland,0.0711495949839514,4813.0,32412.0,101544.0
76,yearn-finance,,,,
77,uma,,,,
78,huobi-btc,,,,
79,liquity-usd,,,,
80,bitcoin-gold,44.203683878172356,,68079.0,1476215.0
81,zencash,16.048852095073983,3543.0,19214.0,713088.0
82,qtum,14.2365,13661.0,152959.0,50649.0
83,ravencoin,0.04282819042808746,1329.0,6442.0,221335.0
84,arweave,,,,
85,harmony,,,,
86,ontology,2.0664493301069164,5990.0,35455.0,82584.0
87,0x,0.549493657647498,11020.0,108035.0,56448.0
88,icon,2.2144700141278704,20264.0,89750.0,45253.0
89,bancor,2.272061383879188,4280.0,689.0,59119.0
90,wazirx,,,,
91,paxos-standard,,,,
92,helium,,,,
93,flow,,,,
94,reserve-rights-token,,,,
95,xdce-crowd-sale,,,,
96,ecomi,,,,
97,nano,5.633176053753357,37968.0,89196.0,59147.0
98,swissborg,0.029381623211924546,802.0,11125.0,45304.0
99,kucoin-shares,2.27452,10793.0,223785.0,1267.0
100,fantom,,,,
101,iostoken,0.02426865056289965,,208511.0,46618.0
102,ankr,,,,
103,omisego,8.2235,35231.0,257931.0,
104,wink,,,,
105,husd,,,,
106,dent,0.0094158682653713,6860.0,33833.0,91524.0
107,pundi-x-2,,,,
108,ethos,2.023186573565477,4415.0,53190.0,73959.0
109,verge,0.03915174671555597,50051.0,271475.0,24945.0
110,curve-dao-token,,,,
111,pundi-x,0.0008666839290684855,482.0,18269.0,81892.0
112,xsushi,,,,
113,republic-protocol,0.036456250566433916,208.0,2534.0,235145.0
114,1inch,,,,
115,livepeer,,,,
116,venus,,,,
117,bmax,,,,
118,nxm,,,,
119,bitcoin-cash-abc-2,,,,
120,lisk,7.581964301229779,29044.0,185025.0,50914.0
121,renbtc,,,,
122,vethor-token,,,,
123,celo,,,,
124,staked-ether,,,,
125,oxygen,,,,
126,loopring,0.3874198976801262,2409.0,24657.0,97095.0
127,status,0.08923317480368628,5502.0,93588.0,74435.0
128,balancer,,,,
129,nervos-network,,,,
130,tribe-2,,,,
131,gatechain-token,,,,
132,mirror-protocol,,,,
133,bounce-token,,,,
134,compound-usdt,,,,
135,quant-network,,,,
136,ocean-protocol,,,,
137,zkswap,,,,
138,energy-web-token,,,,
139,serum,,,,
140,btc-standard-hashrate-token,,,,
141,raydium,,,,
142,reef-finance,,,,
143,band-protocol,,,,
144,maidsafecoin,0.229076,4618.0,56561.0,175671.0
145,tokamak-network,,,,
146,nkn,,,,
147,wootrade-network,,,,
148,bitcoin-diamond,12.307637871525895,,34075.0,133229.0
149,compound-uniswap,,,,
150,electroneum,0.020679143030862344,18022.0,116388.0,8658.0
151,golem,0.200961,18811.0,127870.0,90324.0
152,axie-infinity,,,,
153,storm,0.0346568391687692,2060.0,21729.0,101977.0
154,hbtc-token,,,,
155,ampleforth,,,,
156,audius,,,,
157,kyber-network,1.004709347088927,791.0,73652.0,82785.0
158,medibloc,0.015764741628004637,1097.0,7769.0,138597.0
159,origin-protocol,,,,
